brand,brandColor,model,trim,modelYear,segment,body,srp,priceAsOfDate,seats,clearanceMm,transmission,fuel,engine,fuelEconCity,fuelEconHwy,warrantyYears,warrantyKm,airbags,stabilityControl,reverseCamera,parkingSensors,isofix,appleCarPlay,androidAuto,safetyLevel,bestFor,avoidIf,advice,where,link,imageUrl,ncap
Toyota,#E11B22,Wigo,1.0 E MT,2026,City car,Hatchback,615000,Jul 2026,5,145,Manual,Gasoline,1.0L 3-cyl,14,20,3,100000,2,Yes,No,No,Yes,No,No,Basic,Absolute-budget first car,You want an automatic or modern features,"Perfect if you want the cheapest brand-new Toyota — bare-bones but honest, backed by the country's biggest dealer network.",Toyota dealerships nationwide,https://toyota.com.ph,,
Toyota,#E11B22,Wigo,1.0 G CVT,2026,City car,Hatchback,735000,Jul 2026,5,145,Automatic,Gasoline,1.0L 3-cyl,14,20,3,100000,2,Yes,Yes,No,Yes,Yes,Yes,Basic,First-time city commuters,You often drive out of town fully loaded,"Perfect if this is your very first car: easy in traffic, cheap to fuel, and Toyota resale value protects your money when you upgrade.",Toyota dealerships nationwide,https://toyota.com.ph,,
Toyota,#E11B22,Vios,1.3 J MT,2026,Subcompact sedan,Sedan,738000,Jul 2026,5,133,Manual,Gasoline,1.3L 4-cyl,12,18,3,100000,3,Yes,No,No,Yes,No,No,Basic,Budget buyers who insist on a sedan,You want comfort features or an automatic,A good choice if you want the legendary Vios badge at the lowest entry price and don't mind shifting gears yourself.,Toyota dealerships nationwide,https://toyota.com.ph,,
Toyota,#E11B22,Vios,1.3 XE CVT,2026,Subcompact sedan,Sedan,780000,Jul 2026,5,133,Automatic,Gasoline,1.3L 4-cyl,12,18,3,100000,3,Yes,No,No,Yes,Yes,Yes,Basic,The cheapest automatic Vios,You want the camera and sensors — XLE has them,Perfect if you just want an automatic Vios at the lowest price — the sweet spot for many first-time buyers.,Toyota dealerships nationwide,https://toyota.com.ph,,
Toyota,#E11B22,Vios,1.3 XLE CVT,2026,Subcompact sedan,Sedan,908000,Jul 2026,5,133,Automatic,Gasoline,1.3L 4-cyl,12,18,3,100000,3,Yes,Yes,Yes,Yes,Yes,Yes,Good,The classic safe first sedan,You need clearance for flood-prone streets,"A good choice if you want the default first sedan of the Philippines with the full convenience kit — parts everywhere, resale best-in-class.",Toyota dealerships nationwide,https://toyota.com.ph,,
Toyota,#E11B22,Corolla Altis,1.6 G CVT,2026,Compact sedan,Sedan,1213000,Jul 2026,5,130,Automatic,Gasoline,1.6L 4-cyl,12,16,3,100000,7,Yes,Yes,Yes,Yes,Yes,Yes,Advanced,Grown-up sedan with full safety,The Vios covers your needs for much less,"A good choice if you want a roomier, quieter sedan with Toyota Safety Sense as standard — a hybrid version also exists.",Toyota dealerships nationwide,https://toyota.com.ph,,
Toyota,#E11B22,Raize,1.2 E MT,2026,Subcompact SUV,SUV,757000,Jul 2026,5,200,Manual,Gasoline,1.2L 3-cyl,15,21,3,100000,2,Yes,No,No,Yes,No,No,Basic,Cheapest way into an SUV shape,You want an automatic in city traffic,Perfect if you want SUV height and 200 mm clearance at the absolute lowest price — just know it's a manual.,Toyota dealerships nationwide,https://toyota.com.ph,,
Toyota,#E11B22,Raize,1.2 G CVT,2026,Subcompact SUV,SUV,921000,SAMPLE,5,200,Automatic,Gasoline,1.2L 3-cyl,15,21,3,100000,2,Yes,Yes,No,Yes,Yes,Yes,Basic,SUV looks on a hatchback budget,You need serious cargo space,Perfect if you want the higher seating position for rough or flood-prone streets without leaving hatchback money.,Toyota dealerships nationwide,https://toyota.com.ph,,
Toyota,#E11B22,Raize,1.0 Turbo CVT,2026,Subcompact SUV,SUV,1069000,Jul 2026,5,200,Automatic,Gasoline (Turbo),1.0L 3-cyl turbo,13,19,3,100000,6,Yes,Yes,Yes,Yes,Yes,Yes,Good,Small SUV with the full safety kit,You rarely leave the city — the E saves money,A good choice if you want the Raize with more pull and six airbags — the safety upgrade alone can justify the gap.,Toyota dealerships nationwide,https://toyota.com.ph,,
Toyota,#E11B22,Rush,1.5 G AT,2026,7-seat SUV,SUV,1208000,Jul 2026,7,220,Automatic,Gasoline,1.5L 4-cyl,11,16,3,100000,6,Yes,Yes,Yes,Yes,Yes,Yes,Good,7-seat SUV toughness on a budget,You want car-like ride comfort — it rides firm,"A good choice if you want a 7-seat SUV-style hauler with high clearance — confirm availability with your dealer, as the Rush has moved in and out of the lineup.",Toyota dealerships nationwide,https://toyota.com.ph,,
Toyota,#E11B22,Veloz,1.5 G CVT,2026,7-seat crossover,SUV,1104000,Jul 2026,7,205,Automatic,Gasoline,1.5L 4-cyl,12,18,3,100000,6,Yes,Yes,Yes,Yes,Yes,Yes,Good,Modern 7-seater at entry price,You want the driver-assist tech — the V has it,"Perfect if you want the modern 7-seat crossover — practical, efficient, and easy to resell.",Toyota dealerships nationwide,https://toyota.com.ph,,
Toyota,#E11B22,Veloz,1.5 V CVT,2026,7-seat crossover,SUV,1262000,Jul 2026,7,205,Automatic,Gasoline,1.5L 4-cyl,12,18,3,100000,6,Yes,Yes,Yes,Yes,Yes,Yes,Advanced,Family crossover with safety tech,Budget is tight — the G covers the essentials,A good choice if you want Toyota Safety Sense watching over the whole family — rare at this price in a 7-seater.,Toyota dealerships nationwide,https://toyota.com.ph,,
Toyota,#E11B22,Avanza,1.3 E MT,2026,Small MPV,MPV,844000,Jul 2026,7,195,Manual,Gasoline,1.3L 4-cyl,12,17,3,100000,2,Yes,No,No,Yes,No,No,Basic,Cheapest Toyota 7-seater,You sit in daily traffic — get the CVT,Perfect if you need 7 seats at the lowest possible Toyota price and can live with a manual.,Toyota dealerships nationwide,https://toyota.com.ph,,
Toyota,#E11B22,Avanza,1.5 G CVT,2026,Small MPV,MPV,1071000,Jul 2026,7,195,Automatic,Gasoline,1.5L 4-cyl,12,17,3,100000,6,Yes,Yes,Yes,Yes,Yes,Yes,Good,Young families on a ₱1M budget,You mostly drive solo — a 5-seater is cheaper to run,Perfect if you need 7 seats with Toyota dependability around the ₱1M mark — the practical default for growing families.,Toyota dealerships nationwide,https://toyota.com.ph,,
Toyota,#E11B22,Innova,2.8 E Diesel AT,2026,MPV,MPV,1715000,SAMPLE,7,185,Automatic,Diesel,2.8L 4-cyl turbodiesel,10,14,3,100000,3,Yes,Yes,Yes,Yes,Yes,Yes,Good,Big families and province road-trippers,City-only driving — the diesel shines on long runs,A good choice if your family regularly travels far: the diesel Innova is the long-haul workhorse half the country swears by.,Toyota dealerships nationwide,https://toyota.com.ph,,
Toyota,#E11B22,Innova Zenix,2.0 G CVT,2026,MPV,MPV,2059000,SAMPLE,7,185,Automatic,Gasoline,2.0L 4-cyl,10,14,3,100000,6,Yes,Yes,Yes,Yes,Yes,Yes,Advanced,The premium modern Innova,The classic diesel Innova is the value pick,"Perfect if you want the Innova reinvented — car-like comfort, modern tech, and a hybrid version above it.",Toyota dealerships nationwide,https://toyota.com.ph,,
Toyota,#E11B22,Hilux,Cargo 2.4 MT,2026,Pickup,Pickup,891000,Jul 2026,3,216,Manual,Diesel,2.4L 4-cyl turbodiesel,9,13,3,100000,2,Yes,No,No,No,No,No,Basic,Pure business hauling,You need a family vehicle too — this is a work truck,Perfect if this purchase is for the business first — the cheapest way into a brand-new diesel Toyota truck.,Toyota dealerships nationwide,https://toyota.com.ph,,
Toyota,#E11B22,Hilux,2.4 E 4x2 MT,2026,Pickup,Pickup,1270000,SAMPLE,5,279,Manual,Diesel,2.4L 4-cyl turbodiesel,9,14,3,100000,3,Yes,No,No,Yes,No,No,Basic,Work-plus-family pickup on a budget,You want automatic comfort — see the G,A good choice if you want the country's most trusted pickup nameplate at its most affordable passenger trim.,Toyota dealerships nationwide,https://toyota.com.ph,,
Toyota,#E11B22,Hilux,2.4 G 4x2 AT,2026,Pickup,Pickup,1480000,SAMPLE,5,279,Automatic,Diesel,2.4L 4-cyl turbodiesel,9,14,3,100000,3,Yes,Yes,Yes,Yes,Yes,Yes,Good,Comfortable daily-driven Hilux,Most driving is tight city parking,Perfect if you want the Hilux as a do-everything family-and-work vehicle with automatic ease.,Toyota dealerships nationwide,https://toyota.com.ph,,
Toyota,#E11B22,Hilux,Conquest 2.4 4x2 AT,2026,Pickup,Pickup,1690000,SAMPLE,5,293,Automatic,Diesel,2.4L 4-cyl turbodiesel,9,14,3,100000,7,Yes,Yes,Yes,Yes,Yes,Yes,Good,The lifestyle pickup statement,You don't need the rugged styling premium,A good choice if you want the tough-truck look and the fullest safety kit in the 4x2 Hilux range.,Toyota dealerships nationwide,https://toyota.com.ph,,
Toyota,#E11B22,Yaris Cross,1.5 G CVT,2026,Subcompact SUV,SUV,1406000,SAMPLE,5,170,Automatic,Gasoline,1.5L 4-cyl,14,19,3,100000,6,Yes,Yes,Yes,Yes,Yes,Yes,Good,Refined small crossover,You want max clearance — Raize sits higher,Perfect if you want a more premium small Toyota crossover; a hybrid version also exists if fuel savings matter most.,Toyota dealerships nationwide,https://toyota.com.ph,,
Toyota,#E11B22,Corolla Cross,1.8 G CVT,2026,Compact SUV,SUV,1673000,SAMPLE,5,161,Automatic,Gasoline,1.8L 4-cyl,12,16,3,100000,6,Yes,Yes,Yes,Yes,Yes,Yes,Good,Comfort-first compact crossover,You need flood clearance — 161 mm is car-like,"A good choice if you want Corolla refinement in crossover form — smooth, quiet, and easy to live with.",Toyota dealerships nationwide,https://toyota.com.ph,,
Toyota,#E11B22,Fortuner,2.4 G 4x2 MT,2026,Midsize SUV,SUV,1775000,Jul 2026,7,225,Manual,Diesel,2.4L 4-cyl turbodiesel,9,13,3,100000,3,Yes,Yes,Yes,Yes,Yes,Yes,Good,The aspirational family SUV,A manual 7-seater doesn't fit city family duty,Perfect if the Fortuner has always been the dream — this is its entry door; budget more for the AT variants.,Toyota dealerships nationwide,https://toyota.com.ph,,
Mitsubishi,#E60012,Mirage,GLX MT,2026,City car,Hatchback,720000,Jul 2026,5,170,Manual,Gasoline,1.2L 3-cyl,17,23,3,100000,2,No,No,No,Yes,No,No,Basic,Fuel-economy maximalists,You want an automatic or extra safety tech,"A good choice if fuel cost is your #1 worry — famously light on gas, and the manual keeps running costs down.",Mitsubishi Motors dealers nationwide,https://mitsubishi-motors.com.ph,,
Mitsubishi,#E60012,Mirage,GLS CVT,2026,City car,Hatchback,781000,Jul 2026,5,170,Automatic,Gasoline,1.2L 3-cyl,17,23,3,100000,2,No,Yes,No,Yes,Yes,Yes,Basic,Automatic sipper for city life,You value cabin quietness — rivals are more refined,Perfect if you want the Mirage's legendary fuel economy without the clutch work.,Mitsubishi Motors dealers nationwide,https://mitsubishi-motors.com.ph,,
Mitsubishi,#E60012,Mirage G4,GLX CVT,2026,Subcompact sedan,Sedan,883000,SAMPLE,5,170,Automatic,Gasoline,1.2L 3-cyl,16,22,3,100000,2,No,Yes,No,Yes,Yes,Yes,Basic,Budget sedan buyers who want automatic,You want more power for full-load highway runs,Perfect if you want a sedan on a tight budget without giving up an automatic — a longtime first-timer favorite.,Mitsubishi Motors dealers nationwide,https://mitsubishi-motors.com.ph,,
Mitsubishi,#E60012,Mirage G4,GLS CVT,2026,Subcompact sedan,Sedan,943000,SAMPLE,5,170,Automatic,Gasoline,1.2L 3-cyl,16,22,3,100000,2,No,Yes,Yes,Yes,Yes,Yes,Basic,The full-kit budget sedan,The GLX already covers the essentials,A good choice if you want the G4 with every comfort box ticked while staying under ₱1M.,Mitsubishi Motors dealers nationwide,https://mitsubishi-motors.com.ph,,
Mitsubishi,#E60012,Xpander,GLX MT,2026,Small MPV,MPV,1068000,Jul 2026,7,225,Manual,Gasoline,1.5L 4-cyl,11,16,3,100000,2,Yes,Yes,No,Yes,Yes,Yes,Basic,Family buyers saving on the entry trim,You sit in heavy traffic daily — get the AT,A good choice if you want the country's best-selling family car at its lowest entry price and don't mind a manual.,Mitsubishi Motors dealers nationwide,https://mitsubishi-motors.com.ph,,
Mitsubishi,#E60012,Xpander,GLX AT,2026,Small MPV,MPV,1128000,Jul 2026,7,225,Automatic,Gasoline,1.5L 4-cyl,11,16,3,100000,2,Yes,Yes,No,Yes,Yes,Yes,Basic,The automatic Xpander sweet spot,You want the 360 camera and yaw control — see GLS,Perfect if you want the best-selling MPV with automatic ease at the lowest price for it.,Mitsubishi Motors dealers nationwide,https://mitsubishi-motors.com.ph,,
Mitsubishi,#E60012,Xpander,GLS AT,2026,Small MPV,MPV,1216000,Jul 2026,7,225,Automatic,Gasoline,1.5L 4-cyl,11,16,3,100000,2,Yes,Yes,Yes,Yes,Yes,Yes,Good,The whole-family daily driver,You never carry more than 2 passengers,Perfect if the whole family rides with you — the 2025 best-seller with a 360 camera and Active Yaw Control on this trim.,Mitsubishi Motors dealers nationwide,https://mitsubishi-motors.com.ph,,
Mitsubishi,#E60012,Xpander Cross,1.5 AT,2026,Small MPV,MPV,1398000,SAMPLE,7,225,Automatic,Gasoline,1.5L 4-cyl,11,16,3,100000,4,Yes,Yes,Yes,Yes,Yes,Yes,Good,Rugged-look family MPV,The standard Xpander does the same job for less,A good choice if you want the Xpander with tougher SUV styling — the highest-riding model in its class.,Mitsubishi Motors dealers nationwide,https://mitsubishi-motors.com.ph,,
Mitsubishi,#E60012,Xforce,GLX CVT,2026,Subcompact SUV,SUV,1299000,SAMPLE,5,193,Automatic,Gasoline,1.5L 4-cyl,12,17,3,100000,4,Yes,Yes,No,Yes,Yes,Yes,Basic,The accessible Xforce entry,You want the full kit — GLS and GT sit above,Perfect if you want the stylish Xforce at its new lowest entry price.,Mitsubishi Motors dealers nationwide,https://mitsubishi-motors.com.ph,,
Mitsubishi,#E60012,Xforce,GLS CVT,2026,Subcompact SUV,SUV,1367000,Jul 2026,5,193,Automatic,Gasoline,1.5L 4-cyl,12,17,3,100000,4,Yes,Yes,Yes,Yes,Yes,Yes,Good,Stylish small SUV done sensibly,Tight parking — it's wider than it looks,A good choice if you want a modern crossover with Active Yaw Control and a comfortable ride.,Mitsubishi Motors dealers nationwide,https://mitsubishi-motors.com.ph,,
Mitsubishi,#E60012,Xforce,GT CVT,2026,Subcompact SUV,SUV,1581000,Jul 2026,5,193,Automatic,Gasoline,1.5L 4-cyl,12,17,3,100000,6,Yes,Yes,Yes,Yes,Yes,Yes,Advanced,Loaded crossover with driver-assist,The GLS already covers your needs,Perfect if you want the Xforce with the full tech and driver-assist package for long-term peace of mind.,Mitsubishi Motors dealers nationwide,https://mitsubishi-motors.com.ph,,
Mitsubishi,#E60012,Destinator,GLS,2026,3-row SUV,SUV,1599000,SAMPLE,7,214,Automatic,Gasoline (Turbo),1.5L 4-cyl turbo,11,15,3,100000,6,Yes,Yes,Yes,Yes,Yes,Yes,Good,The new 3-row family contender,You prefer a proven nameplate — it's brand new,A good choice if you want Mitsubishi's newest 7-seat SUV — turbo power and fresh design; verify variants with your dealer.,Mitsubishi Motors dealers nationwide,https://mitsubishi-motors.com.ph,,
Mitsubishi,#E60012,Triton,GLX 2WD MT,2026,Pickup,Pickup,1204000,SAMPLE,5,228,Manual,Diesel,2.4L 4-cyl turbodiesel,10,14,3,100000,2,Yes,No,No,Yes,No,No,Basic,Hard-working budget pickup,You want comfort and tech — look up the range,A good choice if you want the all-new Triton's toughness at work-truck pricing.,Mitsubishi Motors dealers nationwide,https://mitsubishi-motors.com.ph,,
Mitsubishi,#E60012,Triton,GX 2WD AT,2026,Pickup,Pickup,1344000,SAMPLE,5,228,Automatic,Diesel,2.4L 4-cyl turbodiesel,10,14,3,100000,6,Yes,Yes,Yes,Yes,Yes,Yes,Good,Automatic pickup for mixed duty,Pure cargo work — the GLX is cheaper,Perfect if you want the newest-generation pickup with automatic ease — the new budget-friendly AT variant.,Mitsubishi Motors dealers nationwide,https://mitsubishi-motors.com.ph,,
Mitsubishi,#E60012,Montero Sport,GLX 4x2 MT,2026,Midsize SUV,SUV,1748000,SAMPLE,7,218,Manual,Diesel,2.4L 4-cyl turbodiesel,9,13,3,100000,2,Yes,Yes,No,Yes,Yes,Yes,Basic,The Montero dream at entry price,A manual family SUV rarely suits city duty,Perfect if the Montero has always been the goal — this is the entry door to one of the country's favorite SUVs.,Mitsubishi Motors dealers nationwide,https://mitsubishi-motors.com.ph,,
Mitsubishi,#E60012,Montero Sport,GLS 2WD AT,2026,Midsize SUV,SUV,2048000,SAMPLE,7,218,Automatic,Diesel,2.4L 4-cyl turbodiesel,9,13,3,100000,7,Yes,Yes,Yes,Yes,Yes,Yes,Good,The classic family SUV formula,City-only driving — it's a big vehicle,"A good choice if you want the proven diesel 7-seater for provinces, floods, and long family trips.",Mitsubishi Motors dealers nationwide,https://mitsubishi-motors.com.ph,,
Honda,#1A1A1A,Brio,1.2 S CVT,2026,City car,Hatchback,735000,Jul 2026,5,137,Automatic,Gasoline,1.2L 4-cyl,15,21,3,100000,2,Yes,Yes,No,Yes,No,No,Basic,Drivers who want a fun small car,You need clearance for rough streets,A good choice if you want a small car that's actually fun to drive — peppier than most rivals at this price.,Honda Cars dealerships nationwide,https://hondaphil.com,,
Honda,#1A1A1A,Brio,RS CVT,2026,City car,Hatchback,863000,Jul 2026,5,137,Automatic,Gasoline,1.2L 4-cyl,15,21,3,100000,4,Yes,Yes,No,Yes,Yes,Yes,Basic,Style-conscious first-timers,You're stretching the budget — the S drives the same,Perfect if you want the sportiest-looking budget hatch — same easy Brio underneath with sharper styling.,Honda Cars dealerships nationwide,https://hondaphil.com,,
Honda,#1A1A1A,City,1.5 S CVT,2026,Subcompact sedan,Sedan,973000,Jul 2026,5,135,Automatic,Gasoline,1.5L 4-cyl,13,19,3,100000,4,Yes,Yes,No,Yes,Yes,Yes,Good,Refined step up from budget sedans,You need high clearance for floods,Perfect if you want more refinement than the budget sedans — roomier back seat and a premium feel under ₱1M.,Honda Cars dealerships nationwide,https://hondaphil.com,,
Honda,#1A1A1A,City,1.5 V CVT,2026,Subcompact sedan,Sedan,1058000,SAMPLE,5,135,Automatic,Gasoline,1.5L 4-cyl,13,19,3,100000,6,Yes,Yes,Yes,Yes,Yes,Yes,Advanced,Safety-first sedan buyers,Budget is tight — the S covers the basics well,A good choice if you want Honda Sensing driver-assist tech in an affordable sedan.,Honda Cars dealerships nationwide,https://hondaphil.com,,
Honda,#1A1A1A,City,1.5 RS CVT,2026,Subcompact sedan,Sedan,1128000,Jul 2026,5,135,Automatic,Gasoline,1.5L 4-cyl,13,19,3,100000,6,Yes,Yes,Yes,Yes,Yes,Yes,Advanced,The sporty top-trim City,Value hunting — the V has the same safety tech,Perfect if you want the City with the full sporty treatment plus the complete Sensing safety suite.,Honda Cars dealerships nationwide,https://hondaphil.com,,
Honda,#1A1A1A,City Hatchback,RS CVT,2026,Subcompact hatch,Hatchback,1195000,SAMPLE,5,135,Automatic,Gasoline,1.5L 4-cyl,13,19,3,100000,6,Yes,Yes,Yes,Yes,Yes,Yes,Advanced,Hatch practicality with City refinement,You want a cheaper hatch — Brio exists,A good choice if you want the City's polish with fold-flat hatchback versatility for gear and groceries.,Honda Cars dealerships nationwide,https://hondaphil.com,,
Honda,#1A1A1A,BR-V,1.5 S CVT,2026,Small SUV/MPV,SUV,1090000,Jul 2026,7,220,Automatic,Gasoline,1.5L 4-cyl,11,16,3,100000,4,Yes,Yes,Yes,Yes,Yes,Yes,Good,Families who want SUV styling with 7 seats,You want a true third row for adults on long trips,"Perfect if you want 7 seats, SUV clearance, and Honda refinement in one — a strong all-rounder for young families.",Honda Cars dealerships nationwide,https://hondaphil.com,,
Honda,#1A1A1A,BR-V,1.5 V CVT,2026,Small SUV/MPV,SUV,1250000,SAMPLE,7,220,Automatic,Gasoline,1.5L 4-cyl,11,16,3,100000,6,Yes,Yes,Yes,Yes,Yes,Yes,Good,The mid-trim family pick,The S already fits your budget better,A good choice if you want the BR-V with more comfort kit without going full VX.,Honda Cars dealerships nationwide,https://hondaphil.com,,
Honda,#1A1A1A,BR-V,1.5 VX Sensing,2026,Small SUV/MPV,SUV,1390000,Jul 2026,7,220,Automatic,Gasoline,1.5L 4-cyl,11,16,3,100000,6,Yes,Yes,Yes,Yes,Yes,Yes,Advanced,7-seater with full driver-assist,Budget-first buyers — the S has the same bones,A good choice if you want a 7-seater watching out for your family with the complete Honda Sensing suite.,Honda Cars dealerships nationwide,https://hondaphil.com,,
Honda,#1A1A1A,HR-V,1.5 S CVT,2026,Subcompact SUV,SUV,1389000,Jul 2026,5,190,Automatic,Gasoline,1.5L 4-cyl,11,16,3,100000,6,Yes,Yes,Yes,Yes,Yes,Yes,Good,Premium-feel small crossover,Budget crossovers cover your actual needs,Perfect if you want a step up in design and cabin quality from the budget crossover crowd.,Honda Cars dealerships nationwide,https://hondaphil.com,,
Honda,#1A1A1A,HR-V,V Turbo CVT,2026,Subcompact SUV,SUV,1598000,SAMPLE,5,190,Automatic,Gasoline (Turbo),1.5L 4-cyl turbo,10,15,3,100000,6,Yes,Yes,Yes,Yes,Yes,Yes,Advanced,Quick and classy crossover,Fuel economy first — see the hybrid,A good choice if you want real turbo pull in a refined crossover with full Sensing.,Honda Cars dealerships nationwide,https://hondaphil.com,,
Honda,#1A1A1A,HR-V,RS e:HEV,2026,Subcompact SUV,SUV,1739000,Jul 2026,5,190,Automatic,Hybrid,1.5L 4-cyl hybrid,18,21,3,100000,6,Yes,Yes,Yes,Yes,Yes,Yes,Advanced,Hybrid savings in a premium package,Upfront price matters more than fuel savings,Perfect if you want Honda's full hybrid tech — big city fuel savings with the flagship HR-V kit.,Honda Cars dealerships nationwide,https://hondaphil.com,,
Honda,#1A1A1A,Civic,V Turbo CVT,2026,Compact sedan,Sedan,1583000,Jul 2026,5,134,Automatic,Gasoline (Turbo),1.5L 4-cyl turbo,11,15,3,100000,6,Yes,Yes,Yes,Yes,Yes,Yes,Advanced,The dream first sedan,A subcompact sedan does the job for far less,"A good choice if your first car is also your reward car — refined, quick, and loaded with Sensing safety tech.",Honda Cars dealerships nationwide,https://hondaphil.com,,
Honda,#1A1A1A,Civic,RS e:HEV,2026,Compact sedan,Sedan,1990000,Jul 2026,5,134,Automatic,Hybrid,2.0L 4-cyl hybrid,18,20,3,100000,6,Yes,Yes,Yes,Yes,Yes,Yes,Advanced,The hybrid performance sedan,Value is the priority — the V Turbo delivers,Perfect if you want the Civic flagship — hybrid efficiency with sports-sedan punch.,Honda Cars dealerships nationwide,https://hondaphil.com,,
Honda,#1A1A1A,CR-V,1.5 V Turbo,2026,Compact SUV,SUV,2290000,SAMPLE,7,198,Automatic,Gasoline (Turbo),1.5L 4-cyl turbo,10,14,3,100000,6,Yes,Yes,Yes,Yes,Yes,Yes,Advanced,Premium 7-seat family crossover,Your budget is under ₱2M — BR-V covers 7 seats,"A good choice if you want Honda's premium family SUV — refined, spacious, with a hybrid version above it.",Honda Cars dealerships nationwide,https://hondaphil.com,,
Suzuki,#0B57A4,S-Presso,GL MT,2026,City car,Hatchback,634000,Jul 2026,5,180,Manual,Gasoline,1.0L 3-cyl,16,23,3,100000,2,Yes,No,No,Yes,Yes,Yes,Basic,The lowest-cost brand-new car,You do frequent highway driving,Perfect if your goal is simply to stop commuting as cheaply as possible — with surprising clearance for its size.,Suzuki Auto dealerships nationwide,https://auto.suzuki.com.ph,,
Suzuki,#0B57A4,S-Presso,GL AGS,2026,City car,Hatchback,674000,Jul 2026,5,180,AGS (automated manual),Gasoline,1.0L 3-cyl,16,23,3,100000,2,Yes,No,No,Yes,Yes,Yes,Basic,Clutch-free driving at rock-bottom price,You expect a smooth CVT — AGS shifts feel different,A good choice if you want two-pedal convenience at the lowest possible price — test drive the AGS gearbox first.,Suzuki Auto dealerships nationwide,https://auto.suzuki.com.ph,,
Suzuki,#0B57A4,Swift,GL CVT,2026,City car,Hatchback,989000,Jul 2026,5,120,Automatic,Gasoline,1.2L 3-cyl,15,21,3,100000,6,Yes,Yes,No,Yes,Yes,Yes,Good,Fun-to-drive premium hatch,You need clearance — it sits low,Perfect if you want the hatchback that's charming to drive daily — the new Swift adds a full six-airbag safety kit.,Suzuki Auto dealerships nationwide,https://auto.suzuki.com.ph,,
Suzuki,#0B57A4,Dzire Hybrid,GL AGS,2026,Subcompact sedan,Sedan,920000,Jul 2026,5,163,AGS (automated manual),Mild hybrid,1.2L 3-cyl mild hybrid,20,24,3,100000,6,Yes,Yes,No,Yes,Yes,Yes,Good,Hybrid sedan savings under ₱1M,You expect a smooth CVT — this uses AGS,A good choice if fuel economy rules your decision — the new Dzire pairs hybrid assist with six airbags.,Suzuki Auto dealerships nationwide,https://auto.suzuki.com.ph,,
Suzuki,#0B57A4,Dzire Hybrid,GL+ AGS,2026,Subcompact sedan,Sedan,998000,Jul 2026,5,163,AGS (automated manual),Mild hybrid,1.2L 3-cyl mild hybrid,20,24,3,100000,6,Yes,Yes,Yes,Yes,Yes,Yes,Good,The full-kit hybrid Dzire,The GL already nails the value case,Perfect if you want the most efficient budget sedan with every feature included.,Suzuki Auto dealerships nationwide,https://auto.suzuki.com.ph,,
Suzuki,#0B57A4,Fronx,GL AT,2026,Subcompact SUV,SUV,1059000,Jul 2026,5,170,Automatic,Gasoline,1.5L 4-cyl,13,18,3,100000,2,Yes,Yes,Yes,Yes,Yes,Yes,Good,Stylish crossover with 5-star safety,You want the hybrid tech — higher trims have it,A good choice if you want Suzuki's newest crossover — a 5-star ASEAN NCAP rating at an accessible price.,Suzuki Auto dealerships nationwide,https://auto.suzuki.com.ph,,5-star ASEAN NCAP
Suzuki,#0B57A4,Fronx,GLX AT Hybrid,2026,Subcompact SUV,SUV,1179000,SAMPLE,5,170,Automatic,Mild hybrid,1.5L 4-cyl mild hybrid,15,20,3,100000,4,Yes,Yes,Yes,Yes,Yes,Yes,Good,The efficient middle Fronx,Base GL already fits the budget,Perfect if you want the Fronx with hybrid assist for better city fuel numbers.,Suzuki Auto dealerships nationwide,https://auto.suzuki.com.ph,,5-star ASEAN NCAP
Suzuki,#0B57A4,Fronx,SGX AT Hybrid,2026,Subcompact SUV,SUV,1299000,Jul 2026,5,170,Automatic,Mild hybrid,1.5L 4-cyl mild hybrid,15,20,3,100000,6,Yes,Yes,Yes,Yes,Yes,Yes,Advanced,The flagship Fronx with driver-assist,Value hunting — the GL scores the same crash rating,"A good choice if you want the full Fronx: hybrid, 360 camera, blind-spot monitor, and brake support.",Suzuki Auto dealerships nationwide,https://auto.suzuki.com.ph,,5-star ASEAN NCAP
Suzuki,#0B57A4,Ertiga Hybrid,GLX AT,2026,Small MPV,MPV,1178000,Jul 2026,7,180,Automatic,Mild hybrid,1.5L 4-cyl mild hybrid,13,19,3,100000,2,Yes,Yes,Yes,Yes,Yes,Yes,Basic,Efficient 7-seater for families,You need max clearance — Xpander sits higher,Perfect if you want a 7-seater with hybrid assist — one of the most fuel-efficient family MPVs.,Suzuki Auto dealerships nationwide,https://auto.suzuki.com.ph,,
Suzuki,#0B57A4,XL7 Hybrid,GLX AT,2026,Small MPV,MPV,1252000,Jul 2026,7,200,Automatic,Mild hybrid,1.5L 4-cyl mild hybrid,13,18,3,100000,2,Yes,Yes,Yes,Yes,Yes,Yes,Basic,SUV-styled 7-seater with hybrid assist,You expect big hybrid savings — it's a mild system,Perfect if you want the Ertiga formula in tougher SUV clothing with a fuel-saving boost.,Suzuki Auto dealerships nationwide,https://auto.suzuki.com.ph,,
Suzuki,#0B57A4,APV,GA MT,2026,Minivan,MPV,743000,SAMPLE,8,185,Manual,Gasoline,1.6L 4-cyl,10,14,3,100000,2,No,No,No,No,No,No,Basic,Max seats per peso for business,You want modern comfort or safety tech,A good choice if you need to move the most people or cargo for the least money — a proven workhorse.,Suzuki Auto dealerships nationwide,https://auto.suzuki.com.ph,,
Suzuki,#0B57A4,Jimny 3-Door,GL MT,2026,Compact 4x4,SUV,1258000,Jul 2026,4,210,Manual,Gasoline,1.5L 4-cyl 4x4,10,14,3,100000,2,Yes,No,No,Yes,Yes,Yes,Basic,Adventure-minded buyers,You need daily family practicality — it seats only 4,"A good choice if your heart wants a real 4x4 icon — a lifestyle pick, not a practical family hauler.",Suzuki Auto dealerships nationwide,https://auto.suzuki.com.ph,,
Suzuki,#0B57A4,Jimny 3-Door,GLX AT,2026,Compact 4x4,SUV,1320000,Jul 2026,4,210,Automatic,Gasoline,1.5L 4-cyl 4x4,10,14,3,100000,2,Yes,Yes,No,Yes,Yes,Yes,Basic,The Jimny with automatic ease,Practicality matters at all — see anything else,Perfect if you've decided on the icon and want it with an automatic for city traffic.,Suzuki Auto dealerships nationwide,https://auto.suzuki.com.ph,,
Suzuki,#0B57A4,Jimny 5-Door,GL MT,2026,Compact 4x4,SUV,1558000,Jul 2026,5,210,Manual,Gasoline,1.5L 4-cyl 4x4,10,14,3,100000,2,Yes,No,No,Yes,Yes,Yes,Basic,The more livable Jimny,You want cargo space — it's still tiny inside,A good choice if you want the icon with real back doors — the 5-door adds usable family space.,Suzuki Auto dealerships nationwide,https://auto.suzuki.com.ph,,
Suzuki,#0B57A4,Jimny 5-Door,GLX AT,2026,Compact 4x4,SUV,1698000,Jul 2026,5,210,Automatic,Gasoline,1.5L 4-cyl 4x4,10,14,3,100000,2,Yes,Yes,No,Yes,Yes,Yes,Basic,The full-kit 5-door icon,Value is the priority — this is a heart purchase,"Perfect if the Jimny 5-Door is the dream — automatic, loaded, and endlessly charming.",Suzuki Auto dealerships nationwide,https://auto.suzuki.com.ph,,
Nissan,#C3002F,Almera,1.0 EL MT,2026,Subcompact sedan,Sedan,845000,Jul 2026,5,134,Manual,Gasoline (Turbo),1.0L 3-cyl turbo,15,21,3,100000,2,Yes,No,No,Yes,No,No,Basic,Turbo power at entry sedan price,You want an automatic — most buyers do,A good choice if you want the only turbocharged engine at this sedan price and don't mind a manual.,Nissan dealerships nationwide,https://nissan.ph,,
Nissan,#C3002F,Almera,1.0 Turbo VE CVT,2026,Subcompact sedan,Sedan,1020000,SAMPLE,5,134,CVT Automatic,Gasoline (Turbo),1.0L 3-cyl turbo,15,21,3,100000,2,Yes,Yes,Yes,Yes,Yes,Yes,Basic,The automatic turbo sedan,You prefer proven resale — Vios and City lead,Perfect if you want turbo pull with automatic ease in the mid-trim sweet spot.,Nissan dealerships nationwide,https://nissan.ph,,
Nissan,#C3002F,Almera,1.0 Turbo VL CVT,2026,Subcompact sedan,Sedan,1195000,Jul 2026,5,134,CVT Automatic,Gasoline (Turbo),1.0L 3-cyl turbo,15,21,3,100000,6,Yes,Yes,Yes,Yes,Yes,Yes,Good,Loaded alternative to Vios/City,You prefer the proven resale of the usual picks,"Perfect if you want to stand out — turbo pull, full kit, and a 360 camera on the top trim.",Nissan dealerships nationwide,https://nissan.ph,,
Nissan,#C3002F,Livina,1.5 EL MT,2026,Small MPV,MPV,1069000,SAMPLE,7,205,Manual,Gasoline,1.5L 4-cyl,11,16,3,100000,2,Yes,No,No,Yes,Yes,Yes,Basic,Xpander twin at a different badge,You want the AT — check the higher trims,A good choice if you like the Xpander formula — the Livina shares its bones — and your Nissan dealer offers a better deal.,Nissan dealerships nationwide,https://nissan.ph,,
Nissan,#C3002F,Livina,1.5 VE AT,2026,Small MPV,MPV,1209000,SAMPLE,7,205,Automatic,Gasoline,1.5L 4-cyl,11,16,3,100000,2,Yes,Yes,Yes,Yes,Yes,Yes,Basic,The automatic family Livina,The Xpander's resale is stronger,Perfect if a good deal lands — same practical formula as the best-seller with Nissan's cold AC.,Nissan dealerships nationwide,https://nissan.ph,,
Nissan,#C3002F,Kicks,e-Power EL,2026,Subcompact SUV,SUV,1209000,SAMPLE,5,185,Automatic,Hybrid (e-Power),1.2L + electric drive,20,21,3,100000,6,Yes,Yes,Yes,Yes,Yes,Yes,Good,City drivers who want hybrid savings,Long provincial highway runs are your main use,A good choice if most driving is city traffic — the electric drive makes stop-and-go smooth and very efficient.,Nissan dealerships nationwide,https://nissan.ph,,
Nissan,#C3002F,Kicks,e-Power VL,2026,Subcompact SUV,SUV,1509000,SAMPLE,5,185,Automatic,Hybrid (e-Power),1.2L + electric drive,20,21,3,100000,6,Yes,Yes,Yes,Yes,Yes,Yes,Advanced,The loaded electric-drive Kicks,The EL delivers the same drivetrain for less,Perfect if you want the full Kicks with ProPILOT driver-assist watching the road with you.,Nissan dealerships nationwide,https://nissan.ph,,
Nissan,#C3002F,Navara,2.5 EL Calibre 4x2 AT,2026,Pickup,Pickup,1279000,SAMPLE,5,220,Automatic,Diesel,2.5L 4-cyl turbodiesel,9,13,3,100000,2,Yes,Yes,Yes,Yes,Yes,Yes,Basic,Work-and-family dual-purpose buyers,You mostly park in tight city spaces,A good choice if you need a comfortable pickup — the Navara rides softer than most trucks while still hauling.,Nissan dealerships nationwide,https://nissan.ph,,
Nissan,#C3002F,Navara,2.5 VE Calibre 4x2 AT,2026,Pickup,Pickup,1429000,SAMPLE,5,220,Automatic,Diesel,2.5L 4-cyl turbodiesel,9,13,3,100000,6,Yes,Yes,Yes,Yes,Yes,Yes,Good,The comfort-spec Navara,Pure work duty — the EL saves money,Perfect if the pickup doubles as the family car — more kit on the segment's softest ride.,Nissan dealerships nationwide,https://nissan.ph,,
Nissan,#C3002F,Navara,PRO-4X 4x4 AT,2026,Pickup,Pickup,1999000,SAMPLE,5,220,Automatic,Diesel,2.5L 4-cyl turbodiesel,9,13,3,100000,6,Yes,Yes,Yes,Yes,Yes,Yes,Advanced,Off-road-ready flagship truck,You'll never leave paved roads,A good choice if weekends mean trails — the PRO-4X brings real 4x4 kit and full driver-assist.,Nissan dealerships nationwide,https://nissan.ph,,
Nissan,#C3002F,Terra,2.5 VE 4x2 AT,2026,Midsize SUV,SUV,1879000,SAMPLE,7,225,Automatic,Diesel,2.5L 4-cyl turbodiesel,9,13,3,100000,6,Yes,Yes,Yes,Yes,Yes,Yes,Good,Tough 7-seat family SUV,Your routes are all city — it's a big vehicle,"Perfect if you want a rugged 7-seater built on pickup bones for provinces, floods, and long family trips.",Nissan dealerships nationwide,https://nissan.ph,,
Nissan,#C3002F,Terra,2.5 VL 4x2 AT,2026,Midsize SUV,SUV,2149000,SAMPLE,7,225,Automatic,Diesel,2.5L 4-cyl turbodiesel,9,13,3,100000,6,Yes,Yes,Yes,Yes,Yes,Yes,Advanced,The loaded family Terra,The VE covers the essentials for less,A good choice if you want the Terra with the full comfort and driver-assist package.,Nissan dealerships nationwide,https://nissan.ph,,
Ford,#003478,Territory,1.5 Trend,2026,Compact SUV,SUV,1335000,Jul 2026,5,190,Automatic,Gasoline (Turbo),1.5L 4-cyl turbo,9,13,3,100000,6,Yes,Yes,Yes,Yes,Yes,Yes,Good,Max SUV space per peso,Fuel economy is a priority — the turbo drinks,"Perfect if you want a big, roomy SUV feel for compact-SUV money — huge screens and space are its calling cards.",Ford dealerships nationwide,https://ford.com.ph,,
Ford,#003478,Territory,1.5 Titanium,2026,Compact SUV,SUV,1469000,SAMPLE,5,190,Automatic,Gasoline (Turbo),1.5L 4-cyl turbo,9,13,3,100000,6,Yes,Yes,Yes,Yes,Yes,Yes,Advanced,Tech-loaded SUV under ₱1.5M,You won't use the extra tech — Trend is the value pick,A good choice if you want driver-assist features and premium touches without premium-brand prices.,Ford dealerships nationwide,https://ford.com.ph,,
Ford,#003478,Territory,1.5 Sport,2026,Compact SUV,SUV,1625000,Jul 2026,5,190,Automatic,Gasoline (Turbo),1.5L 4-cyl turbo,9,13,3,100000,6,Yes,Yes,Yes,Yes,Yes,Yes,Advanced,The full-kit Territory,Value hunting — lower trims share the space,Perfect if you want the Territory flagship with every feature box ticked.,Ford dealerships nationwide,https://ford.com.ph,,
Ford,#003478,Territory,Hybrid,2026,Compact SUV,SUV,1769000,SAMPLE,5,190,Automatic,Hybrid,1.5L 4-cyl hybrid,16,18,3,100000,6,Yes,Yes,Yes,Yes,Yes,Yes,Advanced,Ford's fuel-sipping family SUV,Upfront budget beats running-cost savings,A good choice if you want Territory space with hybrid running costs — Ford's newest electrified entry.,Ford dealerships nationwide,https://ford.com.ph,,
Ford,#003478,Ranger,2.0 XLS 4x2 AT,2026,Pickup,Pickup,1379000,Jul 2026,5,235,Automatic,Diesel,2.0L 4-cyl turbodiesel,9,13,3,100000,2,Yes,Yes,No,Yes,Yes,Yes,Basic,The accessible automatic Ranger,You want comfort features — XLT and up deliver,A good choice if your first vehicle also works for a living — the Ranger entry point now comes automatic.,Ford dealerships nationwide,https://ford.com.ph,,
Ford,#003478,Ranger,2.0 XLT 4x2 AT,2026,Pickup,Pickup,1504000,SAMPLE,5,235,Automatic,Diesel,2.0L 4-cyl turbodiesel,9,13,3,100000,4,Yes,Yes,Yes,Yes,Yes,Yes,Good,The family-friendly Ranger,Pure work duty — the XLS saves money,Perfect if you want the Ranger's capability with the comfort and tech for daily family life.,Ford dealerships nationwide,https://ford.com.ph,,
Ford,#003478,Ranger,2.0 Sport 4x2 AT,2026,Pickup,Pickup,1684000,SAMPLE,5,235,Automatic,Diesel,2.0L 4-cyl turbodiesel,9,13,3,100000,6,Yes,Yes,Yes,Yes,Yes,Yes,Good,Style-forward daily pickup,The XLT does the same job for less,A good choice if you want the sporty Ranger look with wireless charging and keyless convenience.,Ford dealerships nationwide,https://ford.com.ph,,
Ford,#003478,Ranger,2.0 Bi-Turbo Wildtrak 4x4,2026,Pickup,Pickup,2355000,Jul 2026,5,235,Automatic,Diesel,2.0L 4-cyl bi-turbo diesel,9,13,3,100000,7,Yes,Yes,Yes,Yes,Yes,Yes,Advanced,The do-everything flagship Ranger,You'll never use the 4x4 or tow,"Perfect if you want the full Ranger: bi-turbo power, 4x4, 360 camera, and the complete driver-assist suite.",Ford dealerships nationwide,https://ford.com.ph,,
Ford,#003478,Ranger Raptor,3.0 V6 4x4,2026,Pickup,Pickup,2799000,Jul 2026,5,272,Automatic,Gasoline (Twin-turbo V6),3.0L V6 twin-turbo,7,11,3,100000,7,Yes,Yes,Yes,Yes,Yes,Yes,Advanced,The performance truck icon,Any part of you is asking about fuel economy,"A good choice only if you've fallen for it — the Raptor is a desert racer for the road, and it knows it.",Ford dealerships nationwide,https://ford.com.ph,,
Ford,#003478,Everest,2.0 Trend 4x2,2026,Midsize SUV,SUV,1855000,SAMPLE,7,225,Automatic,Diesel,2.0L 4-cyl turbodiesel,10,14,3,100000,7,Yes,Yes,Yes,Yes,Yes,Yes,Advanced,Families needing a serious 7-seater,Your budget is under ₱1.5M — strong options exist there,"Perfect if you want a true full-size family SUV: commanding view, flood-capable clearance, and a long safety list.",Ford dealerships nationwide,https://ford.com.ph,,
Ford,#003478,Everest,2.0 Titanium+ 4x2,2026,Midsize SUV,SUV,2478000,SAMPLE,7,225,Automatic,Diesel,2.0L 4-cyl bi-turbo diesel,10,14,3,100000,7,Yes,Yes,Yes,Yes,Yes,Yes,Advanced,The loaded family flagship,Trend already carries the family fine,"A good choice if you want the Everest with panoramic roof, 360 camera, and the complete tech suite.",Ford dealerships nationwide,https://ford.com.ph,,
Isuzu,#C8102E,D-Max,RZ4E Single Cab 4x2 MT,2026,Pickup,Pickup,978000,Jul 2026,3,240,Manual,Diesel,1.9L 4-cyl turbodiesel,11,15,3,100000,2,Yes,No,No,No,No,No,Basic,Pure business workhorse,You need a family vehicle too,Perfect if the truck is for the business — the cheapest door into Isuzu's legendary diesel durability.,Isuzu dealerships nationwide,https://isuzuphil.com,,
Isuzu,#C8102E,D-Max,3.0 LS 4x2 MT,2026,Pickup,Pickup,1450000,SAMPLE,5,240,Manual,Diesel,3.0L 4-cyl turbodiesel,10,15,3,100000,2,Yes,No,No,Yes,Yes,Yes,Basic,Big-engine workhorse value,You want automatic and comfort — climb the range,A good choice if you want the full 3.0L diesel at the lowest passenger-cab price.,Isuzu dealerships nationwide,https://isuzuphil.com,,
Isuzu,#C8102E,D-Max,3.0 LS 4x2 AT,2026,Pickup,Pickup,1550000,SAMPLE,5,240,Automatic,Diesel,3.0L 4-cyl turbodiesel,10,15,3,100000,6,Yes,Yes,Yes,Yes,Yes,Yes,Good,Comfortable daily-drivable pickup,City-only driving — a crossover is easier to live with,A good choice if you want legendary Isuzu toughness with automatic convenience for family duty.,Isuzu dealerships nationwide,https://isuzuphil.com,,
Isuzu,#C8102E,D-Max,3.0 LS-A Plus 4x2 AT,2026,Pickup,Pickup,1880000,Jul 2026,5,240,Automatic,Diesel,3.0L 4-cyl turbodiesel,10,15,3,100000,6,Yes,Yes,Yes,Yes,Yes,Yes,Good,The comfort-spec D-Max,The LS covers the essentials for less,"Perfect if the D-Max is also the family car — bigger screen, more comfort, same unkillable diesel.",Isuzu dealerships nationwide,https://isuzuphil.com,,
Isuzu,#C8102E,D-Max,3.0 LS-E 4x2 AT,2026,Pickup,Pickup,2094000,Jul 2026,5,240,Automatic,Diesel,3.0L 4-cyl turbodiesel,10,15,3,100000,7,Yes,Yes,Yes,Yes,Yes,Yes,Advanced,Full driver-assist pickup,You don't need ADAS in a truck,"A good choice if you want Isuzu's complete ADAS suite — adaptive cruise, lane warning, collision braking.",Isuzu dealerships nationwide,https://isuzuphil.com,,
Isuzu,#C8102E,D-Max,3.0 4x4 LS-E AT,2026,Pickup,Pickup,2394000,Jul 2026,5,240,Automatic,Diesel,3.0L 4-cyl turbodiesel,10,15,3,100000,7,Yes,Yes,Yes,Yes,Yes,Yes,Advanced,The everything D-Max,You'll never engage the 4x4,"Perfect if you want the flagship: 4x4 capability, full ADAS, and Isuzu's bulletproof reputation.",Isuzu dealerships nationwide,https://isuzuphil.com,,
Isuzu,#C8102E,mu-X,RZ4E LS 4x2 AT,2026,Midsize SUV,SUV,1725000,Jul 2026,7,235,Automatic,Diesel,1.9L 4-cyl turbodiesel,11,15,3,100000,6,Yes,Yes,Yes,Yes,Yes,Yes,Good,Province-proof family SUV,Most driving is short city hops,"A good choice if you need a true 7-seater for floods, provinces, and long trips — the efficient 1.9L diesel keeps costs sane.",Isuzu dealerships nationwide,https://isuzuphil.com,,
Isuzu,#C8102E,mu-X,3.0 LS-A 4x2 AT,2026,Midsize SUV,SUV,2150000,SAMPLE,7,235,Automatic,Diesel,3.0L 4-cyl turbodiesel,10,14,3,100000,6,Yes,Yes,Yes,Yes,Yes,Yes,Good,The big-engine family mu-X,The 1.9L already hauls the family fine,Perfect if you want the full 3.0L pulling power for a fully loaded cabin on the highway.,Isuzu dealerships nationwide,https://isuzuphil.com,,
Isuzu,#C8102E,mu-X,3.0 4x4 LS-E AT,2026,Midsize SUV,SUV,2670000,Jul 2026,7,235,Automatic,Diesel,3.0L 4-cyl turbodiesel,10,14,3,100000,7,Yes,Yes,Yes,Yes,Yes,Yes,Advanced,The flagship go-anywhere SUV,4x2 rivals offer the same features for less,A good choice only if you truly need 4x4 — otherwise the lower trims deliver the same family experience.,Isuzu dealerships nationwide,https://isuzuphil.com,,
Isuzu,#C8102E,Traviz,L Utility,2026,Light commercial,Pickup,1048000,SAMPLE,3,190,Manual,Diesel,2.5L 4-cyl diesel,9,13,3,100000,2,No,No,No,No,No,No,Basic,Small-business cargo duty,"This is a delivery truck, not a family car","Perfect if the goal is moving goods, not people — a pure business tool with Isuzu diesel economics.",Isuzu dealerships nationwide,https://isuzuphil.com,,
MG,#B01F24,MG3,1.5 Std,2026,City car,Hatchback,678888,Jul 2026,5,160,Automatic,Gasoline,1.5L 4-cyl,13,18,5,100000,4,Yes,Yes,No,Yes,Yes,Yes,Basic,Feature-hunters on a hatch budget,You prioritize resale — Japanese brands hold better,A good choice if you want more style and features per peso than the Japanese brands — factor in the newer dealer network.,MG Philippines dealerships,https://mgmotor.com.ph,,
MG,#B01F24,MG3,Hybrid+ Std,2026,City car,Hatchback,938000,SAMPLE,5,160,Automatic,Hybrid,1.5L 4-cyl hybrid,20,22,5,100000,6,Yes,Yes,No,Yes,Yes,Yes,Good,Cheapest way into full hybrid,You keep cars 10+ years — ask about battery warranty,Perfect if you want real hybrid fuel savings at a price no Japanese hybrid touches.,MG Philippines dealerships,https://mgmotor.com.ph,,
MG,#B01F24,MG3,Hybrid+ Lux,2026,City car,Hatchback,1089000,Jul 2026,5,160,Automatic,Hybrid,1.5L 4-cyl hybrid,20,22,5,100000,6,Yes,Yes,Yes,Yes,Yes,Yes,Good,The full-kit hybrid hatch,The Std hybrid saves the same fuel,A good choice if you want the hybrid MG3 with every comfort feature included.,MG Philippines dealerships,https://mgmotor.com.ph,,
MG,#B01F24,MG5,1.5 Style MT,2026,Subcompact sedan,Sedan,698888,Jul 2026,5,150,Manual,Gasoline,1.5L 4-cyl,12,17,5,100000,2,Yes,No,No,Yes,Yes,Yes,Basic,Biggest sedan under ₱700k,You want an automatic — see the Prestige,"A good choice if you want a larger, sleeker sedan than the price suggests — huge cabin for the money.",MG Philippines dealerships,https://mgmotor.com.ph,,
MG,#B01F24,MG5,1.5 Prestige CVT,2026,Subcompact sedan,Sedan,888888,Jul 2026,5,150,Automatic,Gasoline,1.5L 4-cyl,12,17,5,100000,4,Yes,Yes,Yes,Yes,Yes,Yes,Basic,Big-sedan looks with automatic ease,Resale value matters most to you,Perfect if you want maximum sedan per peso — one of the roomiest cabins under ₱900k with full kit.,MG Philippines dealerships,https://mgmotor.com.ph,,
MG,#B01F24,ZS,1.5 Style,2026,Subcompact SUV,SUV,949000,SAMPLE,5,165,Automatic,Gasoline,1.5L 4-cyl,11,16,5,100000,4,Yes,Yes,Yes,Yes,Yes,Yes,Basic,Brand-new SUV under ₱1M,You need real clearance — 165 mm is car-like,Perfect if you want a brand-new SUV under ₱1M — one of the cheapest tickets into the crossover class.,MG Philippines dealerships,https://mgmotor.com.ph,,
MG,#B01F24,ZS,Hybrid+,2026,Subcompact SUV,SUV,1158000,SAMPLE,5,165,Automatic,Hybrid,1.5L 4-cyl hybrid,18,20,5,100000,6,Yes,Yes,Yes,Yes,Yes,Yes,Good,Hybrid crossover on a budget,Clearance matters — it sits car-low,A good choice if you want hybrid savings in crossover form without crossing ₱1.2M.,MG Philippines dealerships,https://mgmotor.com.ph,,
MG,#B01F24,MG4 EV,Standard,2026,Compact EV,Hatchback,1469000,Jul 2026,5,150,Automatic,Electric (EV),Electric motor + battery,,,5,100000,6,Yes,Yes,Yes,Yes,Yes,Yes,Good,First-time EV adopters,You can't charge at home reliably,Perfect if you're ready to skip gasoline entirely — one of the most affordable real EVs in the market.,MG Philippines dealerships,https://mgmotor.com.ph,,
Hyundai,#002C5F,Accent,2026 base,2026,Subcompact sedan,Sedan,698888,Jul 2026,5,150,Automatic,Gasoline,1.4L 4-cyl,13,18,5,200000,2,Yes,Yes,No,Yes,Yes,Yes,Basic,The Accent nameplate returns,You want the full safety kit — check higher trims,A good choice if you loved the old Accent's value formula — it's back at a strikingly low price; verify trim details with your dealer.,Hyundai dealerships nationwide,https://hyundai.com/ph,,
Hyundai,#002C5F,Venue,base,2026,Subcompact SUV,SUV,798000,Jul 2026,5,170,Automatic,Gasoline,1.4L 4-cyl,12,17,5,200000,2,Yes,Yes,No,Yes,Yes,Yes,Basic,Smallest crossover money can buy new,You carry passengers often — it's snug inside,Perfect if you want crossover style at hatchback money with Hyundai's long warranty behind it.,Hyundai dealerships nationwide,https://hyundai.com/ph,,
Hyundai,#002C5F,Elantra,base,2026,Compact sedan,Sedan,1065000,Jul 2026,5,140,Automatic,Gasoline,1.6L 4-cyl,12,16,5,200000,6,Yes,Yes,No,Yes,Yes,Yes,Good,Striking compact sedan value,Resale — Corolla and Civic hold better,"A good choice if you want a bigger, bolder sedan than the subcompacts at a subcompact-adjacent price.",Hyundai dealerships nationwide,https://hyundai.com/ph,,
Hyundai,#002C5F,Stargazer,1.5 GL Plus IVT,2026,Small MPV,MPV,1118000,Jul 2026,7,190,Automatic,Gasoline,1.5L 4-cyl,12,18,5,200000,2,Yes,Yes,No,Yes,Yes,Yes,Basic,Futuristic 7-seater entry point,Airbag count matters — X trims carry six,Perfect if you want the freshly redesigned Stargazer at its entry price — note this trim carries 2 airbags vs 6 on the X trims.,Hyundai dealerships nationwide,https://hyundai.com/ph,,
Hyundai,#002C5F,Stargazer,1.5 GLS IVT,2026,Small MPV,MPV,1228000,Jul 2026,7,190,Automatic,Gasoline,1.5L 4-cyl,12,18,5,200000,2,Yes,Yes,Yes,Yes,Yes,Yes,Basic,The mid-trim family Stargazer,The X trims add the real safety upgrade,A good choice if you want more comfort kit — but weigh the X GLS Plus for its six airbags.,Hyundai dealerships nationwide,https://hyundai.com/ph,,
Hyundai,#002C5F,Stargazer,X GLS Plus IVT,2026,Small MPV,MPV,1318000,Jul 2026,7,190,Automatic,Gasoline,1.5L 4-cyl,12,18,5,200000,6,Yes,Yes,Yes,Yes,Yes,Yes,Good,The safety-smart Stargazer pick,Budget stops at the GLS,Perfect if you want six airbags and the rugged X styling — the smart-money trim for families.,Hyundai dealerships nationwide,https://hyundai.com/ph,,
Hyundai,#002C5F,Stargazer,X Premium IVT,2026,Small MPV,MPV,1378000,Jul 2026,7,190,Automatic,Gasoline,1.5L 4-cyl,12,18,5,200000,6,Yes,Yes,Yes,Yes,Yes,Yes,Advanced,Full driver-assist family MPV,The X GLS Plus covers the safety core,A good choice if you want SmartSense adaptive cruise and emergency braking in an MPV under ₱1.4M.,Hyundai dealerships nationwide,https://hyundai.com/ph,,
Hyundai,#002C5F,Creta,GL 1.5 IVT,2026,Subcompact SUV,SUV,1134000,Jul 2026,5,190,Automatic,Gasoline,1.5L 4-cyl,12,17,5,200000,6,Yes,Yes,No,Yes,Yes,Yes,Good,Modern crossover with long warranty,You need 7 seats — see Stargazer or BR-V,A good choice if you want a modern crossover with good flood clearance and one of the longest warranties around.,Hyundai dealerships nationwide,https://hyundai.com/ph,,
Hyundai,#002C5F,Creta,GLS IVT,2026,Subcompact SUV,SUV,1258000,SAMPLE,5,190,Automatic,Gasoline,1.5L 4-cyl,12,17,5,200000,6,Yes,Yes,Yes,Yes,Yes,Yes,Good,The mid-trim Creta sweet spot,The GL already nails the value,Perfect if you want the Creta with the comfort upgrades most owners actually use.,Hyundai dealerships nationwide,https://hyundai.com/ph,,
Hyundai,#002C5F,Creta,GLS Premium IVT,2026,Subcompact SUV,SUV,1398000,SAMPLE,5,190,Automatic,Gasoline,1.5L 4-cyl,12,17,5,200000,6,Yes,Yes,Yes,Yes,Yes,Yes,Advanced,Safety-tech-focused crossover buyers,Value hunting — the GL is the smart-money trim,"Perfect if you want driver-assist tech (lane keeping, collision avoidance) in a crossover under ₱1.5M.",Hyundai dealerships nationwide,https://hyundai.com/ph,,
Hyundai,#002C5F,Tucson,base,2026,Compact SUV,SUV,1498000,Jul 2026,5,181,Automatic,Gasoline,2.0L 4-cyl,10,14,5,200000,6,Yes,Yes,Yes,Yes,Yes,Yes,Advanced,Head-turning compact SUV,Fuel economy first — see hybrids,A good choice if you want striking design and a big warranty in the compact SUV class.,Hyundai dealerships nationwide,https://hyundai.com/ph,,
Hyundai,#002C5F,Custin,base,2026,MPV,MPV,1770000,Jul 2026,7,170,Automatic,Gasoline (Turbo),1.5L 4-cyl turbo,10,14,5,200000,6,Yes,Yes,Yes,Yes,Yes,Yes,Advanced,The premium family van alternative,A Stargazer carries the family for far less,Perfect if you want minivan-style sliding-door family comfort with modern turbo power.,Hyundai dealerships nationwide,https://hyundai.com/ph,,
Kia,#05141F,Soluto,LX MT,2026,Subcompact sedan,Sedan,698000,Jul 2026,5,150,Manual,Gasoline,1.4L 4-cyl,13,18,5,160000,2,Yes,No,No,Yes,No,No,Basic,"Simple, honest budget sedan",You want features — rivals pack more in,A good choice if you want a straightforward sedan with Kia's long warranty at a rock-bottom price.,Kia dealerships nationwide,https://kiaphilippines.com,,
Kia,#05141F,Soluto,EX AT,2026,Subcompact sedan,Sedan,848000,SAMPLE,5,150,Automatic,Gasoline,1.4L 4-cyl,13,18,5,160000,2,Yes,Yes,No,Yes,Yes,Yes,Basic,The automatic budget Kia,Newer rivals offer more for similar money,Perfect if you want the simplest possible automatic sedan ownership with a 5-year warranty.,Kia dealerships nationwide,https://kiaphilippines.com,,
Kia,#05141F,Sonet,LX MT,2026,Subcompact SUV,SUV,778000,Jul 2026,5,205,Manual,Gasoline,1.5L 4-cyl,13,18,5,160000,2,Yes,Yes,Yes,Yes,Yes,Yes,Basic,Real SUV clearance under ₱800k,Independent crash tests of earlier units scored low — ask about the latest safety spec,Perfect if you want genuine 205 mm clearance at the lowest crossover price in the market — one of the country's top sellers.,Kia dealerships nationwide,https://kiaphilippines.com,,
Kia,#05141F,Sonet,LX IVT,2026,Subcompact SUV,SUV,898000,SAMPLE,5,205,Automatic,Gasoline,1.5L 4-cyl,13,18,5,160000,2,Yes,Yes,Yes,Yes,Yes,Yes,Basic,The automatic entry Sonet,Safety kit matters — the SX carries more,A good choice if you want the best-selling small crossover with automatic ease under ₱900k.,Kia dealerships nationwide,https://kiaphilippines.com,,
Kia,#05141F,Sonet,EX IVT,2026,Subcompact SUV,SUV,1029000,SAMPLE,5,205,Automatic,Gasoline,1.5L 4-cyl,13,18,5,160000,4,Yes,Yes,Yes,Yes,Yes,Yes,Basic,The mid-trim Sonet,The LX rides on the same bones,Perfect if you want the Sonet with bigger screens and more comfort while staying near ₱1M.,Kia dealerships nationwide,https://kiaphilippines.com,,
Kia,#05141F,Sonet,SX IVT,2026,Subcompact SUV,SUV,1199000,SAMPLE,5,205,Automatic,Gasoline,1.5L 4-cyl,13,18,5,160000,6,Yes,Yes,Yes,Yes,Yes,Yes,Good,The loaded small SUV,Budget-first buyers — the LX has the same bones,"A good choice if you want the Sonet with all the airbags, tech, and driver aids — plus Kia's long warranty.",Kia dealerships nationwide,https://kiaphilippines.com,,
Kia,#05141F,Seltos,EX,2026,Compact SUV,SUV,1158000,Jul 2026,5,190,Automatic,Gasoline,1.5L 4-cyl,11,15,5,160000,6,Yes,Yes,Yes,Yes,Yes,Yes,Good,Step-up crossover value,The Sonet fits your life for less,Perfect if the subcompacts feel tight — real cabin space with Kia's warranty at a sharp new price.,Kia dealerships nationwide,https://kiaphilippines.com,,
Kia,#05141F,Seltos,SX,2026,Compact SUV,SUV,1218000,Jul 2026,5,190,Automatic,Gasoline,1.5L 4-cyl,11,15,5,160000,6,Yes,Yes,Yes,Yes,Yes,Yes,Advanced,The full-kit Seltos,The EX already covers the essentials,A good choice if you want the Seltos flagship with the complete tech and driver-assist package.,Kia dealerships nationwide,https://kiaphilippines.com,,
Kia,#05141F,Carens,1.5 LX IVT,2026,MPV,MPV,1570000,SAMPLE,7,195,Automatic,Gasoline,1.5L 4-cyl,11,16,5,160000,6,Yes,Yes,Yes,Yes,Yes,Yes,Good,Stylish 7-seater alternative,It's newly launched — verify price and stock,Perfect if you want a 7-seater that doesn't look like everyone else's — confirm final pricing with your dealer as it's just arriving.,Kia dealerships nationwide,https://kiaphilippines.com,,
Kia,#05141F,Sportage,base,2026,Compact SUV,SUV,2188000,Jul 2026,5,181,Automatic,Gasoline,2.0L 4-cyl,10,14,5,160000,6,Yes,Yes,Yes,Yes,Yes,Yes,Advanced,Design-forward compact SUV,Budget crossovers cover your needs for half,A good choice if you want Kia's striking flagship crossover design — a hybrid version is arriving too.,Kia dealerships nationwide,https://kiaphilippines.com,,
Kia,#05141F,K2500,Karga,2026,Light commercial,Pickup,1238000,Jul 2026,3,180,Manual,Diesel,2.5L 4-cyl turbodiesel,9,13,5,160000,2,No,No,No,No,No,No,Basic,Small-business hauling duty,"This is a delivery truck, not a family car",Perfect if the purchase is purely for business — a proven light truck with Kia's long warranty.,Kia dealerships nationwide,https://kiaphilippines.com,,
Kia,#05141F,Carnival,base Hybrid,2026,Large MPV,MPV,2888000,Jul 2026,7,170,Automatic,Hybrid,1.6L turbo hybrid,12,14,5,160000,7,Yes,Yes,Yes,Yes,Yes,Yes,Advanced,The first-class family van,This is triple a sensible first-car budget,"A good choice only as an aspirational pick — the Carnival is the premium family benchmark, now a turbo hybrid.",Kia dealerships nationwide,https://kiaphilippines.com,,
BYD,#004C97,Seagull,Dynamic,2026,EV city car,Hatchback,968000,May 2026,5,130,Automatic,Electric (EV),Electric motor + Blade battery,,,6,150000,6,Yes,Yes,Yes,Yes,Yes,Yes,Good,Cheapest real EV in the market,You can't charge at home or work reliably,"Perfect if you're ready to skip gasoline entirely — the most affordable full EV here, with BYD's 6-year warranty behind it.",BYD dealerships nationwide (ACMobility network),https://bydcarsphilippines.com,,
BYD,#004C97,Dolphin,Dynamic Standard,2026,Compact EV,Hatchback,1438000,May 2026,5,130,Automatic,Electric (EV),Electric motor + Blade battery,,,6,150000,6,Yes,Yes,Yes,Yes,Yes,Yes,Good,Roomier everyday EV,Home charging isn't possible for you,"A good choice if you want a more spacious EV than the Seagull for daily family duty — zero fuel, minimal maintenance.",BYD dealerships nationwide (ACMobility network),https://bydcarsphilippines.com,,
BYD,#004C97,Seal 5 DM-i,Dynamic,2026,PHEV sedan,Sedan,958000,May 2026,5,150,Automatic,Plug-in hybrid (DM-i),1.5L + electric motor (PHEV),25,22,6,150000,6,Yes,Yes,Yes,Yes,Yes,Yes,Good,Plug-in hybrid under ₱1M,You'll never plug it in — you lose the main benefit,"Perfect if you want the cheapest plug-in hybrid in the market — city driving on electricity, gasoline for long trips, no range anxiety.",BYD dealerships nationwide (ACMobility network),https://bydcarsphilippines.com,,
BYD,#004C97,Seal 5 DM-i,Premium,2026,PHEV sedan,Sedan,1198000,May 2026,5,150,Automatic,Plug-in hybrid (DM-i),1.5L + electric motor (PHEV),25,22,6,150000,6,Yes,Yes,Yes,Yes,Yes,Yes,Advanced,The loaded plug-in sedan,The Dynamic already delivers the same drivetrain,A good choice if you want the full-kit version of the country's most affordable PHEV sedan.,BYD dealerships nationwide (ACMobility network),https://bydcarsphilippines.com,,
BYD,#004C97,Sealion 5 DM-i,base,2026,PHEV SUV,SUV,1248000,Jul 2026,5,175,Automatic,Plug-in hybrid (DM-i),1.5L + electric motor (PHEV),23,20,6,150000,6,Yes,Yes,Yes,Yes,Yes,Yes,Good,Affordable plug-in family SUV,No home outlet or charger access,"Perfect if you want SUV practicality with plug-in running costs — electric commutes, gasoline freedom for the province.",BYD dealerships nationwide (ACMobility network),https://bydcarsphilippines.com,,
BYD,#004C97,Sealion 6 DM-i,base,2026,PHEV SUV,SUV,1598000,May 2026,5,173,Automatic,Plug-in hybrid (DM-i),1.5L + electric motor (PHEV),23,20,6,150000,6,Yes,Yes,Yes,Yes,Yes,Yes,Advanced,The refined plug-in crossover,You never plug in — a regular hybrid suits you more,"A good choice if you want a premium-feeling PHEV SUV — ultra-low fuel bills when charged, full driver-assist included.",BYD dealerships nationwide (ACMobility network),https://bydcarsphilippines.com,,
BYD,#004C97,Atto 3,Dynamic,2026,Compact EV SUV,SUV,1638000,May 2026,5,175,Automatic,Electric (EV),Electric motor + Blade battery,,,6,150000,7,Yes,Yes,Yes,Yes,Yes,Yes,Advanced,The proven everyday EV crossover,Long daily provincial runs without charging stops,Perfect if you want the EV crossover with the longest local track record — practical range and a playful cabin.,BYD dealerships nationwide (ACMobility network),https://bydcarsphilippines.com,,
BYD,#004C97,Atto 3,Premium,2026,Compact EV SUV,SUV,1848000,May 2026,5,175,Automatic,Electric (EV),Electric motor + Blade battery,,,6,150000,7,Yes,Yes,Yes,Yes,Yes,Yes,Advanced,The longer-range Atto 3,The Dynamic range already covers your commute,A good choice if you want extra battery range for out-of-town confidence.,BYD dealerships nationwide (ACMobility network),https://bydcarsphilippines.com,,
BYD,#004C97,Seal,Advanced,2026,EV sedan,Sedan,2098000,May 2026,5,130,Automatic,Electric (EV),Electric motor + Blade battery,,,6,150000,6,Yes,Yes,Yes,Yes,Yes,Yes,Advanced,The premium EV sedan statement,Budget sanity — the Seal 5 exists for half,"Perfect if you want a genuinely quick, premium electric sedan — the halo car of the affordable EV wave.",BYD dealerships nationwide (ACMobility network),https://bydcarsphilippines.com,,
BYD,#004C97,Shark 6 DMO,Advanced,2026,PHEV pickup,Pickup,2388000,May 2026,5,230,Automatic,Plug-in hybrid (DMO),1.5L turbo + dual motors (PHEV),18,15,6,150000,6,Yes,Yes,Yes,Yes,Yes,Yes,Advanced,The plug-in pickup pioneer,You need proven long-haul diesel simplicity,A good choice if you want pickup capability with electric running costs — the first plug-in truck in its class here.,BYD dealerships nationwide (ACMobility network),https://bydcarsphilippines.com,,
BYD,#004C97,eMAX 7,Standard,2026,EV MPV,MPV,1748000,SAMPLE,7,170,Automatic,Electric (EV),Electric motor + Blade battery,,,6,150000,6,Yes,Yes,Yes,Yes,Yes,Yes,Good,The electric family 7-seater,Frequent long trips beyond charging range,Perfect if the family shuttle runs on city routes — 7 seats with zero fuel cost; verify variant pricing with your dealer.,BYD dealerships nationwide (ACMobility network),https://bydcarsphilippines.com,,
